snapshot_date,authority,premises,eating_drinking,five_star,awaiting
2026-10-07,Barking and Dagenham,1469,486,692,204
2026-10-07,Barnet,2835,966,1465,346
2026-10-07,Bexley,1765,690,1158,87
2026-10-07,Brent,2502,1146,1630,228
2026-10-07,Bromley,2489,1164,1677,99
2026-10-07,Camden,4293,2744,1975,864
2026-10-07,City of London Corporation,1855,1457,1508,93
2026-10-07,Croydon,3101,1079,1837,226
2026-10-07,Ealing,3846,1428,1828,456
2026-10-07,Enfield,2431,974,1284,269
2026-10-07,Greenwich,2388,900,1688,205
2026-10-07,Hackney,2366,1378,1464,211
2026-10-07,Hammersmith and Fulham,2010,1072,1421,143
2026-10-07,Haringey,1954,855,1444,37
2026-10-07,Harrow,1921,771,977,294
2026-10-07,Havering,1996,992,1236,113
2026-10-07,Hillingdon,2270,1039,1275,152
2026-10-07,Hounslow,2353,956,1339,410
2026-10-07,Islington,2626,1481,1559,214
2026-10-07,Kensington and Chelsea,2011,1167,1607,149
2026-10-07,Kingston-Upon-Thames,1427,679,934,79
2026-10-07,Lambeth,2682,1395,1502,190
2026-10-07,Lewisham,2485,1107,1304,344
2026-10-07,Merton,1602,761,1054,250
2026-10-07,Newham,2669,1123,1191,165
2026-10-07,Redbridge,2196,1303,1205,318
2026-10-07,Richmond-Upon-Thames,1606,927,1044,164
2026-10-07,Southwark,3312,1782,2138,260
2026-10-07,Sutton,1326,558,882,42
2026-10-07,Tower Hamlets,3192,1696,2076,194
2026-10-07,Waltham Forest,1973,948,944,57
2026-10-07,Wandsworth,2916,1590,1905,353
2026-10-07,Westminster,5753,3980,3733,152
